elapsed_s,board_c,ambient_c,target_c,duty_pct,state,stage,session:hold-220
0,,,,,EVENT,Heat & Hold started at 220C
0,32.8,32.5,220.0,100.0,Hold,Hold
1,32.7,32.6,220.0,100.0,Hold,Hold
2,32.7,32.7,220.0,100.0,Hold,Hold
3,32.7,32.8,220.0,100.0,Hold,Hold
4,32.7,32.4,220.0,100.0,Hold,Hold
5,32.6,32.2,220.0,100.0,Hold,Hold
6,32.7,32.4,220.0,100.0,Hold,Hold
7,32.8,32.6,220.0,100.0,Hold,Hold
8,32.7,32.4,220.0,100.0,Hold,Hold
9,32.6,32.4,220.0,100.0,Hold,Hold
10,32.5,32.6,220.0,100.0,Hold,Hold
11,32.5,32.8,220.0,100.0,Hold,Hold
12,32.6,32.7,220.0,100.0,Hold,Hold
13,32.7,32.6,220.0,100.0,Hold,Hold
14,32.9,32.6,220.0,100.0,Hold,Hold
15,32.9,32.6,220.0,100.0,Hold,Hold
16,33.1,32.7,220.0,100.0,Hold,Hold
17,33.1,32.6,220.0,100.0,Hold,Hold
18,33.0,32.4,220.0,100.0,Hold,Hold
19,33.2,32.6,220.0,100.0,Hold,Hold
20,33.4,32.7,220.0,100.0,Hold,Hold
21,33.7,32.5,220.0,100.0,Hold,Hold
22,33.9,32.6,220.0,100.0,Hold,Hold
23,34.1,32.6,220.0,100.0,Hold,Hold
24,34.2,32.6,220.0,100.0,Hold,Hold
25,34.6,32.8,220.0,100.0,Hold,Hold
26,34.9,33.0,220.0,100.0,Hold,Hold
27,35.1,33.2,220.0,100.0,Hold,Hold
28,35.3,33.2,220.0,100.0,Hold,Hold
29,35.4,33.0,220.0,100.0,Hold,Hold
30,35.6,32.9,220.0,100.0,Hold,Hold
31,36.1,33.2,220.0,100.0,Hold,Hold
32,36.4,33.4,220.0,100.0,Hold,Hold
33,36.8,33.6,220.0,100.0,Hold,Hold
34,37.1,33.8,220.0,100.0,Hold,Hold
35,37.5,33.9,220.0,100.0,Hold,Hold
36,37.8,33.8,220.0,100.0,Hold,Hold
37,37.9,33.9,220.0,100.0,Hold,Hold
38,38.4,34.2,220.0,100.0,Hold,Hold
39,38.8,34.6,220.0,100.0,Hold,Hold
40,39.1,34.8,220.0,100.0,Hold,Hold
41,39.8,35.0,220.0,100.0,Hold,Hold
42,40.3,35.1,220.0,100.0,Hold,Hold
43,40.8,35.3,220.0,100.0,Hold,Hold
44,41.3,35.5,220.0,100.0,Hold,Hold
45,41.9,35.6,220.0,100.0,Hold,Hold
46,42.3,35.8,220.0,100.0,Hold,Hold
47,42.8,36.0,220.0,100.0,Hold,Hold
48,43.1,36.1,220.0,100.0,Hold,Hold
49,43.4,36.4,220.0,100.0,Hold,Hold
50,44.0,36.8,220.0,100.0,Hold,Hold
51,44.6,37.1,220.0,100.0,Hold,Hold
52,45.1,37.3,220.0,100.0,Hold,Hold
53,45.5,37.7,220.0,100.0,Hold,Hold
54,46.2,37.8,220.0,100.0,Hold,Hold
55,46.9,37.8,220.0,100.0,Hold,Hold
56,47.6,38.2,220.0,100.0,Hold,Hold
57,48.4,38.6,220.0,100.0,Hold,Hold
58,49.1,38.9,220.0,100.0,Hold,Hold
59,49.9,39.2,220.0,100.0,Hold,Hold
60,50.6,39.4,220.0,100.0,Hold,Hold
61,51.3,39.6,220.0,100.0,Hold,Hold
62,51.9,40.1,220.0,100.0,Hold,Hold
63,52.4,40.5,220.0,100.0,Hold,Hold
64,53.1,40.9,220.0,100.0,Hold,Hold
65,54.0,41.1,220.0,100.0,Hold,Hold
66,54.9,41.2,220.0,100.0,Hold,Hold
67,55.6,41.9,220.0,100.0,Hold,Hold
68,56.2,42.2,220.0,100.0,Hold,Hold
69,57.0,42.5,220.0,100.0,Hold,Hold
70,57.9,42.9,220.0,100.0,Hold,Hold
71,58.6,43.2,220.0,100.0,Hold,Hold
72,59.5,43.6,220.0,100.0,Hold,Hold
73,60.4,44.1,220.0,100.0,Hold,Hold
74,61.1,44.6,220.0,100.0,Hold,Hold
75,61.7,45.2,220.0,100.0,Hold,Hold
76,62.6,45.6,220.0,100.0,Hold,Hold
77,63.8,45.9,220.0,100.0,Hold,Hold
78,64.6,46.4,220.0,100.0,Hold,Hold
79,65.4,46.9,220.0,100.0,Hold,Hold
80,66.2,47.3,220.0,100.0,Hold,Hold
81,67.2,47.8,220.0,100.0,Hold,Hold
82,67.8,48.0,220.0,100.0,Hold,Hold
83,68.5,48.2,220.0,100.0,Hold,Hold
84,69.4,48.9,220.0,100.0,Hold,Hold
85,70.2,49.4,220.0,100.0,Hold,Hold
86,71.1,49.6,220.0,100.0,Hold,Hold
87,71.9,50.1,220.0,100.0,Hold,Hold
88,72.8,50.7,220.0,100.0,Hold,Hold
89,73.6,51.3,220.0,100.0,Hold,Hold
90,74.5,51.8,220.0,100.0,Hold,Hold
91,75.6,52.3,220.0,100.0,Hold,Hold
92,76.4,52.6,220.0,100.0,Hold,Hold
93,77.1,52.9,220.0,100.0,Hold,Hold
94,78.2,53.5,220.0,100.0,Hold,Hold
95,79.3,54.1,220.0,100.0,Hold,Hold
96,80.2,54.7,220.0,100.0,Hold,Hold
97,81.1,55.1,220.0,100.0,Hold,Hold
98,81.9,55.8,220.0,100.0,Hold,Hold
99,83.0,56.2,220.0,100.0,Hold,Hold
100,84.0,56.8,220.0,100.0,Hold,Hold
101,84.9,57.5,220.0,100.0,Hold,Hold
102,85.8,57.9,220.0,100.0,Hold,Hold
103,86.7,58.6,220.0,100.0,Hold,Hold
104,87.4,59.2,220.0,100.0,Hold,Hold
105,88.2,59.4,220.0,100.0,Hold,Hold
106,89.4,59.9,220.0,100.0,Hold,Hold
107,90.1,60.6,220.0,100.0,Hold,Hold
108,90.9,61.2,220.0,100.0,Hold,Hold
109,92.3,61.6,220.0,100.0,Hold,Hold
110,93.4,62.2,220.0,100.0,Hold,Hold
111,94.4,62.9,220.0,100.0,Hold,Hold
112,95.2,63.6,220.0,100.0,Hold,Hold
113,95.9,64.0,220.0,100.0,Hold,Hold
114,96.8,64.6,220.0,100.0,Hold,Hold
115,97.9,65.2,220.0,100.0,Hold,Hold
116,98.8,65.7,220.0,100.0,Hold,Hold
117,99.1,66.1,220.0,100.0,Hold,Hold
118,100.0,66.7,220.0,100.0,Hold,Hold
119,100.8,67.5,220.0,100.0,Hold,Hold
120,101.6,68.1,220.0,100.0,Hold,Hold
121,102.8,68.5,220.0,100.0,Hold,Hold
122,103.2,69.0,220.0,100.0,Hold,Hold
123,104.1,69.7,220.0,100.0,Hold,Hold
124,105.2,70.3,220.0,100.0,Hold,Hold
125,106.2,71.0,220.0,100.0,Hold,Hold
126,107.3,71.6,220.0,100.0,Hold,Hold
127,108.2,72.1,220.0,100.0,Hold,Hold
128,109.1,72.8,220.0,100.0,Hold,Hold
129,109.8,73.3,220.0,100.0,Hold,Hold
130,110.5,73.9,220.0,100.0,Hold,Hold
131,111.4,74.4,220.0,100.0,Hold,Hold
132,112.4,75.0,220.0,100.0,Hold,Hold
133,113.4,75.8,220.0,100.0,Hold,Hold
134,114.1,76.1,220.0,100.0,Hold,Hold
135,114.8,76.6,220.0,100.0,Hold,Hold
136,115.5,77.3,220.0,100.0,Hold,Hold
137,116.4,77.9,220.0,100.0,Hold,Hold
138,117.3,78.6,220.0,100.0,Hold,Hold
139,118.1,79.2,220.0,100.0,Hold,Hold
140,119.1,79.8,220.0,100.0,Hold,Hold
141,119.8,80.2,220.0,100.0,Hold,Hold
142,120.4,80.8,220.0,100.0,Hold,Hold
143,121.2,81.1,220.0,100.0,Hold,Hold
144,121.8,81.6,220.0,100.0,Hold,Hold
145,122.5,82.2,220.0,100.0,Hold,Hold
146,123.5,82.7,220.0,100.0,Hold,Hold
147,124.4,83.4,220.0,100.0,Hold,Hold
148,124.8,84.0,220.0,100.0,Hold,Hold
149,125.4,84.7,220.0,100.0,Hold,Hold
150,126.2,85.2,220.0,100.0,Hold,Hold
151,126.9,85.6,220.0,100.0,Hold,Hold
152,127.7,86.4,220.0,100.0,Hold,Hold
153,128.4,87.1,220.0,100.0,Hold,Hold
154,128.8,87.7,220.0,100.0,Hold,Hold
155,129.7,88.1,220.0,100.0,Hold,Hold
156,130.4,88.6,220.0,100.0,Hold,Hold
157,130.9,89.3,220.0,100.0,Hold,Hold
158,131.6,89.9,220.0,100.0,Hold,Hold
159,132.4,90.5,220.0,100.0,Hold,Hold
160,133.0,91.1,220.0,100.0,Hold,Hold
161,133.9,91.5,220.0,100.0,Hold,Hold
162,134.7,92.1,220.0,100.0,Hold,Hold
163,135.4,92.4,220.0,100.0,Hold,Hold
164,136.4,92.9,220.0,100.0,Hold,Hold
165,137.1,93.8,220.0,100.0,Hold,Hold
166,137.8,94.2,220.0,100.0,Hold,Hold
167,138.2,94.5,220.0,100.0,Hold,Hold
168,139.0,95.2,220.0,100.0,Hold,Hold
169,139.8,95.9,220.0,100.0,Hold,Hold
170,140.4,96.6,220.0,100.0,Hold,Hold
171,141.0,97.2,220.0,100.0,Hold,Hold
172,141.7,97.5,220.0,100.0,Hold,Hold
173,142.4,97.9,220.0,100.0,Hold,Hold
174,143.0,98.4,220.0,100.0,Hold,Hold
175,143.4,99.1,220.0,100.0,Hold,Hold
176,143.6,99.6,220.0,100.0,Hold,Hold
177,144.2,100.2,220.0,100.0,Hold,Hold
178,144.8,100.7,220.0,100.0,Hold,Hold
179,145.3,101.2,220.0,100.0,Hold,Hold
180,146.2,101.9,220.0,100.0,Hold,Hold
181,146.9,102.4,220.0,100.0,Hold,Hold
182,147.5,102.8,220.0,100.0,Hold,Hold
183,148.4,103.4,220.0,100.0,Hold,Hold
184,149.0,103.8,220.0,100.0,Hold,Hold
185,149.6,104.3,220.0,100.0,Hold,Hold
186,150.2,104.9,220.0,100.0,Hold,Hold
187,150.7,105.6,220.0,100.0,Hold,Hold
188,151.4,106.1,220.0,100.0,Hold,Hold
189,152.0,106.5,220.0,100.0,Hold,Hold
190,152.4,106.9,220.0,100.0,Hold,Hold
191,152.8,107.4,220.0,100.0,Hold,Hold
192,153.2,107.9,220.0,100.0,Hold,Hold
193,153.8,108.4,220.0,100.0,Hold,Hold
194,154.2,108.9,220.0,100.0,Hold,Hold
195,154.8,109.6,220.0,100.0,Hold,Hold
196,155.4,110.1,220.0,100.0,Hold,Hold
197,155.8,110.4,220.0,100.0,Hold,Hold
198,156.3,110.9,220.0,100.0,Hold,Hold
199,156.9,111.2,220.0,100.0,Hold,Hold
200,157.6,111.9,220.0,100.0,Hold,Hold
201,158.2,112.7,220.0,100.0,Hold,Hold
202,158.8,113.1,220.0,100.0,Hold,Hold
203,159.6,113.6,220.0,100.0,Hold,Hold
204,160.1,114.1,220.0,100.0,Hold,Hold
205,160.7,114.4,220.0,100.0,Hold,Hold
206,161.3,114.8,220.0,100.0,Hold,Hold
207,161.9,115.4,220.0,100.0,Hold,Hold
208,162.3,115.8,220.0,100.0,Hold,Hold
209,162.6,116.1,220.0,100.0,Hold,Hold
210,163.2,116.6,220.0,100.0,Hold,Hold
211,163.8,117.2,220.0,100.0,Hold,Hold
212,164.2,117.4,220.0,100.0,Hold,Hold
213,164.6,117.7,220.0,100.0,Hold,Hold
214,165.2,118.6,220.0,100.0,Hold,Hold
215,165.6,119.2,220.0,100.0,Hold,Hold
216,165.4,119.6,220.0,100.0,Hold,Hold
217,165.8,119.9,220.0,100.0,Hold,Hold
218,166.2,120.3,220.0,100.0,Hold,Hold
219,166.6,121.1,220.0,100.0,Hold,Hold
220,167.1,121.6,220.0,100.0,Hold,Hold
221,167.9,121.8,220.0,100.0,Hold,Hold
222,168.8,122.3,220.0,100.0,Hold,Hold
223,169.1,122.7,220.0,100.0,Hold,Hold
224,169.2,123.1,220.0,100.0,Hold,Hold
225,169.7,123.8,220.0,100.0,Hold,Hold
226,169.8,124.2,220.0,100.0,Hold,Hold
227,170.1,124.6,220.0,100.0,Hold,Hold
228,170.7,125.0,220.0,100.0,Hold,Hold
229,171.0,125.6,220.0,100.0,Hold,Hold
230,171.4,126.0,220.0,100.0,Hold,Hold
231,171.8,126.2,220.0,100.0,Hold,Hold
232,172.1,126.8,220.0,100.0,Hold,Hold
233,172.8,127.2,220.0,100.0,Hold,Hold
234,173.4,127.3,220.0,100.0,Hold,Hold
235,173.7,127.6,220.0,100.0,Hold,Hold
236,174.1,128.4,220.0,100.0,Hold,Hold
237,174.6,128.9,220.0,100.0,Hold,Hold
238,174.8,129.3,220.0,100.0,Hold,Hold
239,175.3,129.9,220.0,100.0,Hold,Hold
240,176.1,130.2,220.0,100.0,Hold,Hold
241,176.4,130.8,220.0,100.0,Hold,Hold
242,176.7,131.0,220.0,100.0,Hold,Hold
243,176.6,131.3,220.0,100.0,Hold,Hold
244,176.5,131.9,220.0,100.0,Hold,Hold
245,176.8,132.2,220.0,100.0,Hold,Hold
246,177.1,132.8,220.0,100.0,Hold,Hold
247,177.6,133.4,220.0,100.0,Hold,Hold
248,178.0,133.6,220.0,100.0,Hold,Hold
249,178.0,133.8,220.0,100.0,Hold,Hold
250,178.3,134.2,220.0,100.0,Hold,Hold
251,179.1,134.7,220.0,100.0,Hold,Hold
252,179.4,135.1,220.0,100.0,Hold,Hold
253,179.5,135.6,220.0,100.0,Hold,Hold
254,180.1,136.0,220.0,100.0,Hold,Hold
255,180.8,136.3,220.0,100.0,Hold,Hold
256,181.1,136.7,220.0,100.0,Hold,Hold
257,181.2,137.2,220.0,100.0,Hold,Hold
258,181.6,137.7,220.0,100.0,Hold,Hold
259,182.1,137.8,220.0,100.0,Hold,Hold
260,182.5,138.1,220.0,100.0,Hold,Hold
261,182.9,138.6,220.0,100.0,Hold,Hold
262,183.2,139.0,220.0,100.0,Hold,Hold
263,183.2,139.6,220.0,100.0,Hold,Hold
264,183.4,140.1,220.0,100.0,Hold,Hold
265,183.8,140.5,220.0,100.0,Hold,Hold
266,184.2,140.9,220.0,100.0,Hold,Hold
267,184.4,141.2,220.0,100.0,Hold,Hold
268,184.7,141.5,220.0,100.0,Hold,Hold
269,185.1,141.8,220.0,100.0,Hold,Hold
270,185.4,142.1,220.0,100.0,Hold,Hold
271,185.8,142.6,220.0,100.0,Hold,Hold
272,185.9,142.9,220.0,100.0,Hold,Hold
273,186.1,143.2,220.0,100.0,Hold,Hold
274,186.4,143.7,220.0,100.0,Hold,Hold
275,186.6,144.0,220.0,100.0,Hold,Hold
276,186.8,144.1,220.0,100.0,Hold,Hold
277,187.1,144.5,220.0,100.0,Hold,Hold
278,187.3,144.9,220.0,100.0,Hold,Hold
279,187.5,145.2,220.0,100.0,Hold,Hold
280,188.2,145.6,220.0,100.0,Hold,Hold
281,188.4,145.8,220.0,100.0,Hold,Hold
282,188.6,146.2,220.0,100.0,Hold,Hold
283,188.6,146.8,220.0,100.0,Hold,Hold
284,188.9,147.2,220.0,100.0,Hold,Hold
285,189.3,147.6,220.0,100.0,Hold,Hold
286,189.5,147.9,220.0,100.0,Hold,Hold
287,189.8,148.0,220.0,100.0,Hold,Hold
288,190.1,148.2,220.0,100.0,Hold,Hold
289,190.1,148.6,220.0,100.0,Hold,Hold
290,190.2,149.0,220.0,100.0,Hold,Hold
291,190.7,149.4,220.0,100.0,Hold,Hold
292,190.8,149.7,220.0,100.0,Hold,Hold
293,190.7,150.1,220.0,100.0,Hold,Hold
294,191.2,150.5,220.0,100.0,Hold,Hold
295,192.0,151.0,220.0,100.0,Hold,Hold
296,192.3,151.2,220.0,100.0,Hold,Hold
297,192.5,151.4,220.0,100.0,Hold,Hold
298,192.8,151.8,220.0,100.0,Hold,Hold
299,192.8,152.2,220.0,100.0,Hold,Hold
300,192.8,152.5,220.0,100.0,Hold,Hold
301,193.2,152.6,220.0,100.0,Hold,Hold
302,193.9,152.9,220.0,100.0,Hold,Hold
303,194.2,153.1,220.0,100.0,Hold,Hold
304,194.1,153.6,220.0,100.0,Hold,Hold
305,194.3,154.1,220.0,100.0,Hold,Hold
306,194.7,154.4,220.0,100.0,Hold,Hold
307,194.6,154.6,220.0,100.0,Hold,Hold
308,194.8,154.9,220.0,100.0,Hold,Hold
309,195.2,155.4,220.0,100.0,Hold,Hold
310,195.4,155.6,220.0,100.0,Hold,Hold
311,195.6,155.9,220.0,100.0,Hold,Hold
312,195.8,156.2,220.0,100.0,Hold,Hold
313,195.7,156.5,220.0,100.0,Hold,Hold
314,195.4,156.7,220.0,100.0,Hold,Hold
315,195.6,156.9,220.0,100.0,Hold,Hold
316,195.9,157.1,220.0,100.0,Hold,Hold
317,196.2,157.6,220.0,100.0,Hold,Hold
318,196.5,157.9,220.0,100.0,Hold,Hold
319,196.8,158.2,220.0,100.0,Hold,Hold
320,196.7,158.5,220.0,100.0,Hold,Hold
321,196.9,158.6,220.0,100.0,Hold,Hold
322,197.3,158.9,220.0,100.0,Hold,Hold
323,197.6,159.3,220.0,100.0,Hold,Hold
324,197.8,159.6,220.0,100.0,Hold,Hold
325,197.8,159.7,220.0,100.0,Hold,Hold
326,197.9,160.1,220.0,100.0,Hold,Hold
327,197.8,160.5,220.0,100.0,Hold,Hold
328,197.7,160.7,220.0,100.0,Hold,Hold
329,198.1,160.9,220.0,100.0,Hold,Hold
330,198.6,161.3,220.0,100.0,Hold,Hold
331,198.8,161.5,220.0,100.0,Hold,Hold
332,198.6,161.8,220.0,100.0,Hold,Hold
333,198.5,162.0,220.0,100.0,Hold,Hold
334,198.7,162.2,220.0,100.0,Hold,Hold
335,198.6,162.4,220.0,100.0,Hold,Hold
336,198.8,162.5,220.0,100.0,Hold,Hold
337,199.0,162.9,220.0,100.0,Hold,Hold
338,198.9,163.2,220.0,100.0,Hold,Hold
339,199.2,163.4,220.0,100.0,Hold,Hold
340,199.5,163.6,220.0,100.0,Hold,Hold
341,199.7,163.9,220.0,100.0,Hold,Hold
342,199.9,164.2,220.0,100.0,Hold,Hold
343,199.9,164.4,220.0,100.0,Hold,Hold
344,200.1,164.6,220.0,100.0,Hold,Hold
345,200.2,164.9,220.0,100.0,Hold,Hold
346,200.3,165.1,220.0,100.0,Hold,Hold
347,200.4,165.3,220.0,100.0,Hold,Hold
348,200.6,165.7,220.0,100.0,Hold,Hold
349,200.9,165.8,220.0,100.0,Hold,Hold
350,200.9,166.1,220.0,100.0,Hold,Hold
351,201.1,166.4,220.0,100.0,Hold,Hold
352,201.4,166.5,220.0,100.0,Hold,Hold
353,201.5,166.7,220.0,100.0,Hold,Hold
354,201.4,166.9,220.0,100.0,Hold,Hold
355,201.1,167.4,220.0,100.0,Hold,Hold
356,201.3,167.7,220.0,100.0,Hold,Hold
357,201.9,167.8,220.0,100.0,Hold,Hold
358,202.4,168.0,220.0,100.0,Hold,Hold
359,202.8,168.2,220.0,100.0,Hold,Hold
360,203.2,168.6,220.0,100.0,Hold,Hold
361,203.2,168.9,220.0,100.0,Hold,Hold
362,202.9,169.1,220.0,100.0,Hold,Hold
363,202.9,169.1,220.0,100.0,Hold,Hold
364,203.1,169.3,220.0,100.0,Hold,Hold
365,203.1,169.6,220.0,100.0,Hold,Hold
366,202.9,169.8,220.0,100.0,Hold,Hold
367,203.1,169.9,220.0,100.0,Hold,Hold
368,203.2,170.2,220.0,100.0,Hold,Hold
369,203.2,170.7,220.0,100.0,Hold,Hold
370,203.3,171.0,220.0,100.0,Hold,Hold
371,203.5,171.2,220.0,100.0,Hold,Hold
372,203.9,171.3,220.0,100.0,Hold,Hold
373,204.2,171.7,220.0,100.0,Hold,Hold
374,204.2,172.0,220.0,100.0,Hold,Hold
375,204.1,172.1,220.0,100.0,Hold,Hold
376,204.4,172.2,220.0,100.0,Hold,Hold
377,204.9,172.4,220.0,100.0,Hold,Hold
378,205.1,172.8,220.0,100.0,Hold,Hold
379,205.2,173.1,220.0,100.0,Hold,Hold
380,205.4,173.4,220.0,100.0,Hold,Hold
381,205.8,173.7,220.0,100.0,Hold,Hold
382,205.8,174.1,220.0,100.0,Hold,Hold
383,205.9,174.2,220.0,100.0,Hold,Hold
384,206.1,174.2,220.0,100.0,Hold,Hold
385,205.9,174.4,220.0,100.0,Hold,Hold
386,205.9,174.6,220.0,100.0,Hold,Hold
387,205.9,174.8,220.0,100.0,Hold,Hold
388,205.8,175.1,220.0,100.0,Hold,Hold
389,206.1,175.4,220.0,100.0,Hold,Hold
390,206.4,175.6,220.0,100.0,Hold,Hold
391,206.2,175.6,220.0,100.0,Hold,Hold
392,205.9,175.8,220.0,100.0,Hold,Hold
393,205.9,175.9,220.0,100.0,Hold,Hold
394,206.0,176.2,220.0,100.0,Hold,Hold
395,206.2,176.6,220.0,100.0,Hold,Hold
396,206.5,176.7,220.0,100.0,Hold,Hold
397,206.9,176.9,220.0,100.0,Hold,Hold
398,207.3,177.0,220.0,100.0,Hold,Hold
399,207.4,177.3,220.0,100.0,Hold,Hold
400,207.2,177.7,220.0,100.0,Hold,Hold
401,207.5,177.7,220.0,100.0,Hold,Hold
402,208.0,177.9,220.0,100.0,Hold,Hold
403,208.2,178.4,220.0,100.0,Hold,Hold
404,208.3,178.6,220.0,100.0,Hold,Hold
405,208.3,178.8,220.0,100.0,Hold,Hold
406,208.3,178.8,220.0,100.0,Hold,Hold
407,208.3,179.0,220.0,100.0,Hold,Hold
408,208.1,179.2,220.0,100.0,Hold,Hold
409,208.1,179.4,220.0,100.0,Hold,Hold
410,208.1,179.7,220.0,100.0,Hold,Hold
411,208.2,179.9,220.0,100.0,Hold,Hold
412,208.6,180.1,220.0,100.0,Hold,Hold
413,208.9,180.2,220.0,100.0,Hold,Hold
414,209.2,180.4,220.0,100.0,Hold,Hold
415,209.4,180.6,220.0,100.0,Hold,Hold
416,209.4,180.9,220.0,100.0,Hold,Hold
417,209.3,181.1,220.0,100.0,Hold,Hold
418,209.3,181.2,220.0,100.0,Hold,Hold
419,209.4,181.4,220.0,100.0,Hold,Hold
420,209.4,181.5,220.0,100.0,Hold,Hold
421,210.0,181.6,220.0,41.2,Hold,Hold
422,212.1,181.9,220.0,0.0,Hold,Hold
423,215.5,182.1,220.0,0.0,Hold,Hold
424,218.9,182.2,220.0,0.0,Hold,Hold
425,221.9,182.8,220.0,0.0,Hold,Hold
426,224.5,183.5,220.0,0.0,Hold,Hold
427,226.6,184.4,220.0,0.0,Hold,Hold
428,227.8,185.1,220.0,0.0,Hold,Hold
429,228.5,185.8,220.0,0.0,Hold,Hold
430,228.9,186.5,220.0,0.0,Hold,Hold
431,229.3,187.2,220.0,0.0,Hold,Hold
432,229.9,187.8,220.0,0.0,Hold,Hold
433,230.5,188.2,220.0,0.0,Hold,Hold
434,231.2,188.8,220.0,0.0,Hold,Hold
435,231.9,189.4,220.0,0.0,Hold,Hold
436,232.5,189.9,220.0,0.0,Hold,Hold
437,233.1,190.4,220.0,0.0,Hold,Hold
438,233.8,190.8,220.0,0.0,Hold,Hold
439,234.2,191.2,220.0,0.0,Hold,Hold
440,232.9,191.6,220.0,100.0,Hold,Hold
441,230.4,191.9,220.0,100.0,Hold,Hold
442,227.9,192.1,220.0,100.0,Hold,Hold
443,225.7,192.1,220.0,100.0,Hold,Hold
444,224.1,191.9,220.0,100.0,Hold,Hold
445,223.4,191.7,220.0,100.0,Hold,Hold
446,223.1,191.6,220.0,80.7,Hold,Hold
447,223.0,191.5,220.0,44.3,Hold,Hold
448,,,,,EVENT,Heat & Hold stopped by user
448,,,,,EVENT,Session ended
